[
    {
        "business_name": "Basement Salon(PH)",
        "country_id": 426
    },
    {
        "business_name": "Blo(PH)",
        "country_id": 426
    },
    {
        "business_name": "Strip(PH)",
        "country_id": 426
    },
    {
        "business_name": "Emphasis Salon(PH)",
        "country_id": 426
    },
    {
        "business_name": "Creations by Lourd Ramos(PH)",
        "country_id": 426
    },
    {
        "business_name": "Hair Art by Bong Aparente(PH)",
        "country_id": 426
    },
    {
        "business_name": "Royal Oriental Wellness(PH)",
        "country_id": 426
    },
    {
        "business_name": "The Secret Lounge(PH)",
        "country_id": 426
    },
    {
        "business_name": "Buffed Nail Lounge(PH)",
        "country_id": 426
    },
    {
        "business_name": "Belle & Stacy Nails + Cafe(PH)",
        "country_id": 426
    },
    {
        "business_name": "Empire Salon(PH)",
        "country_id": 426
    },
    {
        "business_name": "Dear Alice Nail Lounge(PH)",
        "country_id": 426
    },
    {
        "business_name": "The Color Bar(PH)",
        "country_id": 426
    },
    {
        "business_name": "Bellezza Aesthetics(PH)",
        "country_id": 426
    },
    {
        "business_name": "Benefit BrowBar(PH)",
        "country_id": 426
    },
    {
        "business_name": "Azta Urban Salon(PH)",
        "country_id": 426
    },
    {
        "business_name": "iSkin Aesthetic Lifestyle(PH)",
        "country_id": 426
    },
    {
        "business_name": "Skinivé Aesthetic & Wellness(PH)",
        "country_id": 426
    },
    {
        "business_name": "Luminisce(PH)",
        "country_id": 426
    },
    {
        "business_name": "Mary Pauline Salon(PH)",
        "country_id": 426
    },
    {
        "business_name": "Titas of Manaila Salon(PH)",
        "country_id": 426
    },
    {
        "business_name": "Biocare Asia Aesthetics(PH)",
        "country_id": 426
    },
    {
        "business_name": "Beauty Park(PH)",
        "country_id": 426
    },
    {
        "business_name": "Salon De Club(PH)",
        "country_id": 426
    },
    {
        "business_name": "Browhaus(PH)",
        "country_id": 426
    },
    {
        "business_name": "I Do Nails(PH)",
        "country_id": 426
    },
    {
        "business_name": "Pink Parlour(PH)",
        "country_id": 426
    },
    {
        "business_name": "Salon Petit Luxe(PH)",
        "country_id": 426
    },
    {
        "business_name": "Eyebrowdery(PH)",
        "country_id": 426
    },
    {
        "business_name": "Benibana Beauty Hub(PH)",
        "country_id": 426
    },
    {
        "business_name": "Kiyosa(PH)",
        "country_id": 426
    },
    {
        "business_name": "La Provence(PH)",
        "country_id": 426
    },
    {
        "business_name": "Passionails(PH)",
        "country_id": 426
    },
    {
        "business_name": "Silk by Lay Bare(PH)",
        "country_id": 426
    },
    {
        "business_name": "Lay Bare Plus(PH)",
        "country_id": 426
    },
    {
        "business_name": "Props Beauty(PH)",
        "country_id": 426
    },
    {
        "business_name": "Cocomo Nail and Beauty Hut(PH)",
        "country_id": 426
    },
    {
        "business_name": "Beauty and Butter Nail Lounge(PH)",
        "country_id": 426
    },
    {
        "business_name": "Nails and Glamour by Joane Kathlyn(PH)",
        "country_id": 426
    },
    {
        "business_name": "Pink Peony Nail Salon(PH)",
        "country_id": 426
    },
    {
        "business_name": "Apostol Dental(PH)",
        "country_id": 426
    },
    {
        "business_name": "Marqed Salon(PH)",
        "country_id": 426
    },
    {
        "business_name": "Nailandia Nail Salon and Body Spa(PH)",
        "country_id": 426
    },
    {
        "business_name": "Recovery Spa(PH)",
        "country_id": 426
    },
    {
        "business_name": "Tokyo Posh(PH)",
        "country_id": 426
    },
    {
        "business_name": "Shiseido(PH)",
        "country_id": 426
    },
    {
        "business_name": "Verzosa Aesthetic Clinic(PH)",
        "country_id": 426
    },
    {
        "business_name": "Nails and Beauty Studio(PH)",
        "country_id": 426
    },
    {
        "business_name": "The Smile Bar(PH)",
        "country_id": 426
    },
    {
        "business_name": "nail-a-holics(PH)",
        "country_id": 426
    },
    {
        "business_name": "French Tips(PH)",
        "country_id": 426
    },
    {
        "business_name": "Hey Sugar(PH)",
        "country_id": 426
    },
    {
        "business_name": "Ooh La Lash(PH)",
        "country_id": 426
    },
    {
        "business_name": "Maxwax(PH)",
        "country_id": 426
    },
    {
        "business_name": "Happy Brows(PH)",
        "country_id": 426
    },
    {
        "business_name": "Vivere Salon(PH)",
        "country_id": 426
    },
    {
        "business_name": "Tokyo GLAM Eyelash and Nail Salon(PH)",
        "country_id": 426
    },
    {
        "business_name": "Belo(PH)",
        "country_id": 426
    },
    {
        "business_name": "Waxcovado(PH)",
        "country_id": 426
    },
    {
        "business_name": "Hair Ng Tondo(PH)",
        "country_id": 426
    },
    {
        "business_name": "Miss Derm(PH)",
        "country_id": 426
    },
    {
        "business_name": "Stud & Sassy(PH)",
        "country_id": 426
    },
    {
        "business_name": "Freesia Salon and Spa Lounge(PH)",
        "country_id": 426
    },
    {
        "business_name": "Kairi Skin Care and Nail Lounge(PH)",
        "country_id": 426
    },
    {
        "business_name": "Ethos Day Spa(PH)",
        "country_id": 426
    },
    {
        "business_name": "Hiraya Wellness(PH)",
        "country_id": 426
    },
    {
        "business_name": "Uncommon Salon(PH)",
        "country_id": 426
    },
    {
        "business_name": "AMAVÉ by Going Straight Salon(PH)",
        "country_id": 426
    },
    {
        "business_name": "B&B Salon and Spa by Andy Sierra(PH)",
        "country_id": 426
    },
    {
        "business_name": "Jesi Mendez(PH)",
        "country_id": 426
    },
    {
        "business_name": "Dermstrata(PH)",
        "country_id": 426
    },
    {
        "business_name": "HJC Nature Spa(PH)",
        "country_id": 426
    },
    {
        "business_name": "Lay Bare(PH)",
        "country_id": 426
    },
    {
        "business_name": "O2 Skin Lab(PH)",
        "country_id": 426
    },
    {
        "business_name": "Déesse(PH)",
        "country_id": 426
    },
    {
        "business_name": "NailPlay(PH)",
        "country_id": 426
    },
    {
        "business_name": "Vine Aesthetics(PH)",
        "country_id": 426
    },
    {
        "business_name": "The Brow Studio(PH)",
        "country_id": 426
    },
    {
        "business_name": "Chelsea Nails & Spa(PH)",
        "country_id": 426
    },
    {
        "business_name": "Happy Lash(PH)",
        "country_id": 426
    },
    {
        "business_name": "Lucky Boy 8 Salon(PH)",
        "country_id": 426
    },
    {
        "business_name": "Euphoria Skin(PH)",
        "country_id": 426
    },
    {
        "business_name": "Mark Angelo Hair Studio(PH)",
        "country_id": 426
    },
    {
        "business_name": "Ricciardo Massage(PH)",
        "country_id": 426
    },
    {
        "business_name": "Thiago Barbershop(PH)",
        "country_id": 426
    },
    {
        "business_name": "Charlie Brows(PH)",
        "country_id": 426
    },
    {
        "business_name": "Skin and Toes Valley(PH)",
        "country_id": 426
    },
    {
        "business_name": "Nuyu(PH)",
        "country_id": 426
    },
    {
        "business_name": "YSA(PH)",
        "country_id": 426
    },
    {
        "business_name": "David's Salon(PH)",
        "country_id": 426
    },
    {
        "business_name": "Remedy Skin Solutions(PH)",
        "country_id": 426
    },
    {
        "business_name": "Paint and Brew Nail Salon and Cafe(PH)",
        "country_id": 426
    },
    {
        "business_name": "Holistica Wellness and Aesthetics(PH)",
        "country_id": 426
    },
    {
        "business_name": "Cocoon(PH)",
        "country_id": 426
    },
    {
        "business_name": "Kazie Professional Salon & Skin Care(PH)",
        "country_id": 426
    },
    {
        "business_name": "Masi Dental(PH)",
        "country_id": 426
    },
    {
        "business_name": "Brow Designery(PH)",
        "country_id": 426
    },
    {
        "business_name": "Montesa Medical Group(PH)",
        "country_id": 426
    },
    {
        "business_name": "HairMNL(PH)",
        "country_id": 426
    },
    {
        "business_name": "B.A.R. Salon & Spa(PH)",
        "country_id": 426
    },
    {
        "business_name": "Max Beaut(PH)",
        "country_id": 426
    },
    {
        "business_name": "First Bloom Lasers & Infusions(PH)",
        "country_id": 426
    },
    {
        "business_name": "Metro Beauty(PH)",
        "country_id": 426
    },
    {
        "business_name": "Borough Lasik Center(PH)",
        "country_id": 426
    },
    {
        "business_name": "KOOP Studio(PH)",
        "country_id": 426
    },
    {
        "business_name": "Culture Salon and Lifestyle Lounge(PH)",
        "country_id": 426
    },
    {
        "business_name": "Centro Holistico(PH)",
        "country_id": 426
    },
    {
        "business_name": "Artistique Salon and Spa(PH)",
        "country_id": 426
    },
    {
        "business_name": "Drip Haven n' Nails Skin Glow Lounge(PH)",
        "country_id": 426
    },
    {
        "business_name": "Nue Studio(PH)",
        "country_id": 426
    },
    {
        "business_name": "Botanica Salon(PH)",
        "country_id": 426
    },
    {
        "business_name": "Vandarah Aesthetics Elite(PH)",
        "country_id": 426
    },
    {
        "business_name": "iLash Salon(PH)",
        "country_id": 426
    },
    {
        "business_name": "Ulo Salon(PH)",
        "country_id": 426
    },
    {
        "business_name": "Miqesi Boutique Salon(PH)",
        "country_id": 426
    },
    {
        "business_name": "Nouvelle Esthètique(PH)",
        "country_id": 426
    },
    {
        "business_name": "L.B Makeovrr(PH)",
        "country_id": 426
    },
    {
        "business_name": "Evia Dental Studio(PH)",
        "country_id": 426
    },
    {
        "business_name": "Robten Spa and Nail Bar(PH)",
        "country_id": 426
    },
    {
        "business_name": "Behind the Chair by Reymark Castro(PH)",
        "country_id": 426
    },
    {
        "business_name": "Trifona Beauty Lounge(PH)",
        "country_id": 426
    },
    {
        "business_name": "LaDiosa Nails(PH)",
        "country_id": 426
    },
    {
        "business_name": "The Pink Door Beauty Lounge(PH)",
        "country_id": 426
    },
    {
        "business_name": "Drip Options(PH)",
        "country_id": 426
    },
    {
        "business_name": "Nail & Co(PH)",
        "country_id": 426
    },
    {
        "business_name": "Soak & Coat Nail Salon and Skincare(PH)",
        "country_id": 426
    },
    {
        "business_name": "Aima Official(PH)",
        "country_id": 426
    },
    {
        "business_name": "NaiLashes Beauty Lounge(PH)",
        "country_id": 426
    },
    {
        "business_name": "LuxeHeim Nail Spa(PH)",
        "country_id": 426
    },
    {
        "business_name": "Luxescape Salon and Spa(PH)",
        "country_id": 426
    },
    {
        "business_name": "Snooze(PH)",
        "country_id": 426
    },
    {
        "business_name": "Iconails Beauty Lounge(PH)",
        "country_id": 426
    },
    {
        "business_name": "Beaute Affair Luxe(PH)",
        "country_id": 426
    },
    {
        "business_name": "Beauty At Home Manila(PH)",
        "country_id": 426
    },
    {
        "business_name": "Skinssence Beauty Lounge(PH)",
        "country_id": 426
    },
    {
        "business_name": "Tulua Nail Spa(PH)",
        "country_id": 426
    },
    {
        "business_name": "Beauty Affair Hub(PH)",
        "country_id": 426
    },
    {
        "business_name": "GLOW by Excelsior(PH)",
        "country_id": 426
    },
    {
        "business_name": "Skin Habitat(PH)",
        "country_id": 426
    },
    {
        "business_name": "OHM Spa(PH)",
        "country_id": 426
    },
    {
        "business_name": "About Nails(PH)",
        "country_id": 426
    },
    {
        "business_name": "Headway Vera Salon(PH)",
        "country_id": 426
    },
    {
        "business_name": "Hairworks Salon(PH)",
        "country_id": 426
    },
    {
        "business_name": "Studio 9(PH)",
        "country_id": 426
    },
    {
        "business_name": "Beauty Squad Lounge(PH)",
        "country_id": 426
    },
    {
        "business_name": "Well Being Nature Spa(PH)",
        "country_id": 426
    },
    {
        "business_name": "BeesWax Waxing and Nail Care(PH)",
        "country_id": 426
    },
    {
        "business_name": "Kai Aesthetics Beauty Studio(PH)",
        "country_id": 426
    },
    {
        "business_name": "Luxe Escape Spa(PH)",
        "country_id": 426
    },
    {
        "business_name": "Cavite Smile Station(PH)",
        "country_id": 426
    },
    {
        "business_name": "Glam & Grace Beauty Studio(PH)",
        "country_id": 426
    },
    {
        "business_name": "Nail Hive Lounge and Spa(PH)",
        "country_id": 426
    },
    {
        "business_name": "Spa at Mella Hotel(PH)",
        "country_id": 426
    },
    {
        "business_name": "Ecru Nail Spa(PH)",
        "country_id": 426
    },
    {
        "business_name": "Neola Salon & Nail Spa(PH)",
        "country_id": 426
    },
    {
        "business_name": "Northern Spa(PH)",
        "country_id": 426
    },
    {
        "business_name": "Daily Bali Lounge Spa(PH)",
        "country_id": 426
    },
    {
        "business_name": "Happy Pinkies(PH)",
        "country_id": 426
    },
    {
        "business_name": "Wench's Beauty Studio(PH)",
        "country_id": 426
    },
    {
        "business_name": "Nicee Nails Spa(PH)",
        "country_id": 426
    },
    {
        "business_name": "Pantone Beauty Lounge(PH)",
        "country_id": 426
    },
    {
        "business_name": "Skin Perfect(PH)",
        "country_id": 426
    },
    {
        "business_name": "Glimmer and Shine(PH)",
        "country_id": 426
    },
    {
        "business_name": "Skin House Beauty and Laser Clinic(PH)",
        "country_id": 426
    },
    {
        "business_name": "Eisma Skin Care(PH)",
        "country_id": 426
    },
    {
        "business_name": "Waxing Buddies(PH)",
        "country_id": 426
    },
    {
        "business_name": "Korean Beauty Institute(PH)",
        "country_id": 426
    },
    {
        "business_name": "Nu/Hart Hair Restoration(PH)",
        "country_id": 426
    },
    {
        "business_name": "Oriskin Gluta Wellness Spa(PH)",
        "country_id": 426
    },
    {
        "business_name": "Charme Nails Lounge(PH)",
        "country_id": 426
    },
    {
        "business_name": "Aurora Nail Spa(PH)",
        "country_id": 426
    },
    {
        "business_name": "TBL Manila Aesthetic(PH)",
        "country_id": 426
    },
    {
        "business_name": "Nail'd It Salon and Spa(PH)",
        "country_id": 426
    },
    {
        "business_name": "Beauty Lounge WLM(PH)",
        "country_id": 426
    },
    {
        "business_name": "Alexa's Salon Therapeutique(PH)",
        "country_id": 426
    },
    {
        "business_name": "Estetika Wellness & Beauty Clinic(PH)",
        "country_id": 426
    },
    {
        "business_name": "Dr. Skinlift Aesthetic and Wellness Center(PH)",
        "country_id": 426
    },
    {
        "business_name": "Cool Barbers(PH)",
        "country_id": 426
    },
    {
        "business_name": "Polished Manila(PH)",
        "country_id": 426
    },
    {
        "business_name": "Ayumi Art & Beauty Studios(PH)",
        "country_id": 426
    },
    {
        "business_name": "Glitter Professional Salon(PH)",
        "country_id": 426
    },
    {
        "business_name": "CaroLounge Nail Spa(PH)",
        "country_id": 426
    },
    {
        "business_name": "Estheva Aesthetic Clinic(PH)",
        "country_id": 426
    },
    {
        "business_name": "Belle Lumière(PH)",
        "country_id": 426
    },
    {
        "business_name": "Regine's Salon(PH)",
        "country_id": 426
    },
    {
        "business_name": "Eunique Beauty Lounge(PH)",
        "country_id": 426
    },
    {
        "business_name": "Orange Nails Spa(PH)",
        "country_id": 426
    },
    {
        "business_name": "Serenite Facial & Gluta(PH)",
        "country_id": 426
    },
    {
        "business_name": "Relaxant Nail Spa(PH)",
        "country_id": 426
    },
    {
        "business_name": "Shades of Blonde(PH)",
        "country_id": 426
    },
    {
        "business_name": "Bloom(PH)",
        "country_id": 426
    },
    {
        "business_name": "Ququ Nail Lounge(PH)",
        "country_id": 426
    },
    {
        "business_name": "Montinola Aesthetic Laser Center(PH)",
        "country_id": 426
    },
    {
        "business_name": "NuStyle Salon & Spa(PH)",
        "country_id": 426
    },
    {
        "business_name": "Elite Brows PH(PH)",
        "country_id": 426
    },
    {
        "business_name": "Plush Aesthetics(PH)",
        "country_id": 426
    },
    {
        "business_name": "HoneyKuku Nail Salon(PH)",
        "country_id": 426
    },
    {
        "business_name": "Pilantik Beauty Lounge(PH)",
        "country_id": 426
    },
    {
        "business_name": "Pamintuan Dental Clinic(PH)",
        "country_id": 426
    },
    {
        "business_name": "The Perfect Beauty Aesthetic Medicine Center(PH)",
        "country_id": 426
    },
    {
        "business_name": "Lana Well Heeled & Spa(PH)",
        "country_id": 426
    },
    {
        "business_name": "Flawless Face & Body Clinic(PH)",
        "country_id": 426
    },
    {
        "business_name": "Glam Central Parkwoods(PH)",
        "country_id": 426
    },
    {
        "business_name": "Restday Private Nail Studio(PH)",
        "country_id": 426
    },
    {
        "business_name": "Una Medica(PH)",
        "country_id": 426
    },
    {
        "business_name": "Polished & Nourished- Nontoxic Waterless Nail Spa(PH)",
        "country_id": 426
    },
    {
        "business_name": "Ophir Nail Spa Cafe(PH)",
        "country_id": 426
    },
    {
        "business_name": "Salon Privea(PH)",
        "country_id": 426
    },
    {
        "business_name": "Beauty Buffet Salon & Day Spa(PH)",
        "country_id": 426
    },
    {
        "business_name": "Spadriana.mnl(PH)",
        "country_id": 426
    },
    {
        "business_name": "Jao MD Skincare Clinic(PH)",
        "country_id": 426
    },
    {
        "business_name": "La Hermoza Royal Wellness, Salon and Spa(PH)",
        "country_id": 426
    },
    {
        "business_name": "Jhen Hair Extensions Salon(PH)",
        "country_id": 426
    },
    {
        "business_name": "Indigo Salon(PH)",
        "country_id": 426
    },
    {
        "business_name": "Viziati Salon(PH)",
        "country_id": 426
    },
    {
        "business_name": "Z Salon(PH)",
        "country_id": 426
    },
    {
        "business_name": "Skin 911 Medical(PH)",
        "country_id": 426
    },
    {
        "business_name": "SMILES by CERRA(PH)",
        "country_id": 426
    },
    {
        "business_name": "Beauty Essentials(PH)",
        "country_id": 426
    },
    {
        "business_name": "Mobile Spa Manila(PH)",
        "country_id": 426
    },
    {
        "business_name": "The Pretty You(PH)",
        "country_id": 426
    },
    {
        "business_name": "Ngiti Dental Clinic(PH)",
        "country_id": 426
    },
    {
        "business_name": "Levic House of Polish(PH)",
        "country_id": 426
    },
    {
        "business_name": "Gorgeous You(PH)",
        "country_id": 426
    },
    {
        "business_name": "Daily Lounge Salon(PH)",
        "country_id": 426
    },
    {
        "business_name": "Daily Paradise Spa(PH)",
        "country_id": 426
    },
    {
        "business_name": "Lumiere Aesthetics(PH)",
        "country_id": 426
    },
    {
        "business_name": "Footsteps Home Massage(PH)",
        "country_id": 426
    },
    {
        "business_name": "Lumiere Skin and Spa(PH)",
        "country_id": 426
    },
    {
        "business_name": "Serene Spa(PH)",
        "country_id": 426
    },
    {
        "business_name": "Rebelle Beauty & Wellness(PH)",
        "country_id": 426
    },
    {
        "business_name": "Tulips and Peonies(PH)",
        "country_id": 426
    },
    {
        "business_name": "WinterSnow Skin Care Clinic(PH)",
        "country_id": 426
    },
    {
        "business_name": "Flaunt It(PH)",
        "country_id": 426
    },
    {
        "business_name": "NS Beauty Salon(PH)",
        "country_id": 426
    },
    {
        "business_name": "Namiglow Beauty Lounge(PH)",
        "country_id": 426
    },
    {
        "business_name": "Social Climber Nails(PH)",
        "country_id": 426
    },
    {
        "business_name": "Glam Essence Beauty Center(PH)",
        "country_id": 426
    },
    {
        "business_name": "Ila Skin(PH)",
        "country_id": 426
    },
    {
        "business_name": "Casa Beauty Lounge Cafe(PH)",
        "country_id": 426
    },
    {
        "business_name": "WellNails Massage & Nail Spa(PH)",
        "country_id": 426
    },
    {
        "business_name": "Beauty By Bae(PH)",
        "country_id": 426
    },
    {
        "business_name": "Vanessa Nicolas Dental Clinic(PH)",
        "country_id": 426
    },
    {
        "business_name": "Gluta Haus(PH)",
        "country_id": 426
    },
    {
        "business_name": "Glamarish Beauty Lounge(PH)",
        "country_id": 426
    },
    {
        "business_name": "Elevate Dental(PH)",
        "country_id": 426
    },
    {
        "business_name": "Mold Manila(PH)",
        "country_id": 426
    },
    {
        "business_name": "The Glam Station(PH)",
        "country_id": 426
    },
    {
        "business_name": "The Beauty Guru PH(PH)",
        "country_id": 426
    },
    {
        "business_name": "Reina Skin Care and Aesthetic Clinic(PH)",
        "country_id": 426
    },
    {
        "business_name": "Mooi Nail Bar & Aesthetic Spa(PH)",
        "country_id": 426
    },
    {
        "business_name": "Brows Blyss and Beyond(PH)",
        "country_id": 426
    },
    {
        "business_name": "Nails & Wellness by TBG(PH)",
        "country_id": 426
    },
    {
        "business_name": "Loveli Skin(PH)",
        "country_id": 426
    },
    {
        "business_name": "Luljetta's Place(PH)",
        "country_id": 426
    },
    {
        "business_name": "Beauty Studio Maxim(PH)",
        "country_id": 426
    },
    {
        "business_name": "Luxurie Beauty Wellness(PH)",
        "country_id": 426
    },
    {
        "business_name": "PrimaBella Beauty Studio(PH)",
        "country_id": 426
    },
    {
        "business_name": "Prava Aesthetic Clinic(PH)",
        "country_id": 426
    },
    {
        "business_name": "Sofia Beauty Lounge(PH)",
        "country_id": 426
    },
    {
        "business_name": "Kayesthetics(PH)",
        "country_id": 426
    },
    {
        "business_name": "K-Beauty Prime(PH)",
        "country_id": 426
    },
    {
        "business_name": "Wander Brow(PH)",
        "country_id": 426
    },
    {
        "business_name": "NaiL'D It Beauty Lounge(PH)",
        "country_id": 426
    },
    {
        "business_name": "Skin Station(PH)",
        "country_id": 426
    },
    {
        "business_name": "The Skin Blvd(PH)",
        "country_id": 426
    },
    {
        "business_name": "NUtopia Spa(PH)",
        "country_id": 426
    },
    {
        "business_name": "Aesthetic Culture(PH)",
        "country_id": 426
    },
    {
        "business_name": "NUtopia Barber and Spa(PH)",
        "country_id": 426
    },
    {
        "business_name": "Hydrise Aesthetics & Wellness Lounge(PH)",
        "country_id": 426
    },
    {
        "business_name": "BeautyPro Aesthetic Clinic(PH)",
        "country_id": 426
    },
    {
        "business_name": "Summerie Spa(PH)",
        "country_id": 426
    },
    {
        "business_name": "SkinRoyal Beauty Wellness Hub(PH)",
        "country_id": 426
    },
    {
        "business_name": "Drip Therapy(PH)",
        "country_id": 426
    },
    {
        "business_name": "Dendex Salon(PH)",
        "country_id": 426
    },
    {
        "business_name": "Skin 21 Nails and Beauty Clinic(PH)",
        "country_id": 426
    },
    {
        "business_name": "Strands Beauty Studio(PH)",
        "country_id": 426
    },
    {
        "business_name": "Brey's Beauty Lounge(PH)",
        "country_id": 426
    },
    {
        "business_name": "The LuxPad Manila(PH)",
        "country_id": 426
    },
    {
        "business_name": "Blush Spa Aesthetics(PH)",
        "country_id": 426
    },
    {
        "business_name": "Bloomlane(PH)",
        "country_id": 426
    },
    {
        "business_name": "NClaire Beauty Bar & Spa(PH)",
        "country_id": 426
    },
    {
        "business_name": "The Beauty Studio(PH)",
        "country_id": 426
    },
    {
        "business_name": "Lashcara Lounge PH(PH)",
        "country_id": 426
    },
    {
        "business_name": "Mount Apo Spa(PH)",
        "country_id": 426
    },
    {
        "business_name": "Yumi Skin(PH)",
        "country_id": 426
    },
    {
        "business_name": "Mayumi Beauty Centre(PH)",
        "country_id": 426
    },
    {
        "business_name": "iBeaute(PH)",
        "country_id": 426
    },
    {
        "business_name": "Glimmer Glow PH(PH)",
        "country_id": 426
    },
    {
        "business_name": "The Beauty Society(PH)",
        "country_id": 426
    },
    {
        "business_name": "Aura Ruz Aesthetics(PH)",
        "country_id": 426
    },
    {
        "business_name": "Glow Wellness Spa(PH)",
        "country_id": 426
    },
    {
        "business_name": "Pinky Swear Nails(PH)",
        "country_id": 426
    },
    {
        "business_name": "O' Kane Luxe Nail Studio(PH)",
        "country_id": 426
    },
    {
        "business_name": "Gel's Esthetique Eyebrow and Waxing Studio(PH)",
        "country_id": 426
    },
    {
        "business_name": "Jodome Beauty Lounge(PH)",
        "country_id": 426
    },
    {
        "business_name": "Tash Nails(PH)",
        "country_id": 426
    },
    {
        "business_name": "Blush & Blossom(PH)",
        "country_id": 426
    },
    {
        "business_name": "Lash Out MNL Beauty Lounge(PH)",
        "country_id": 426
    },
    {
        "business_name": "Nami Beauty Lounge(PH)",
        "country_id": 426
    },
    {
        "business_name": "Kath Nail Lounge(PH)",
        "country_id": 426
    },
    {
        "business_name": "Pigment Brows and Lash Loft(PH)",
        "country_id": 426
    },
    {
        "business_name": "Katch Beauty Lounge(PH)",
        "country_id": 426
    },
    {
        "business_name": "The Little Flower Spa(PH)",
        "country_id": 426
    },
    {
        "business_name": "Glam & Glow Beauty Expert MNL(PH)",
        "country_id": 426
    },
    {
        "business_name": "Beauty Getaway Wellness Spa(PH)",
        "country_id": 426
    },
    {
        "business_name": "Alexane Beauty Clinic(PH)",
        "country_id": 426
    },
    {
        "business_name": "Skinefique Aesthetics & Wellness(PH)",
        "country_id": 426
    },
    {
        "business_name": "Salon de Laurel(PH)",
        "country_id": 426
    },
    {
        "business_name": "Adraneda Dermatology & Cosmetic Surgery(PH)",
        "country_id": 426
    },
    {
        "business_name": "JADE Royalle Aesthetic Clinic(PH)",
        "country_id": 426
    },
    {
        "business_name": "LaVie Aesthetic and Spa(PH)",
        "country_id": 426
    },
    {
        "business_name": "Pink Glow Salon & Spa(PH)",
        "country_id": 426
    },
    {
        "business_name": "Fend'z Hair Gallery(PH)",
        "country_id": 426
    },
    {
        "business_name": "Light Laser Clinic(PH)",
        "country_id": 426
    },
    {
        "business_name": "Luxxe Salon and Spa(PH)",
        "country_id": 426
    },
    {
        "business_name": "Florecer Skin & Wellness Lounge(PH)",
        "country_id": 426
    },
    {
        "business_name": "Arruga Beauty Lounge(PH)",
        "country_id": 426
    },
    {
        "business_name": "Vi Vogue(PH)",
        "country_id": 426
    },
    {
        "business_name": "Spoiled Brat's Nail and Waxing Spa(PH)",
        "country_id": 426
    },
    {
        "business_name": "Bath Nail Salon(PH)",
        "country_id": 426
    },
    {
        "business_name": "Pamper Shed(PH)",
        "country_id": 426
    },
    {
        "business_name": "La Faized Beauty Lounge(PH)",
        "country_id": 426
    },
    {
        "business_name": "Casa Derma Skin Clinic(PH)",
        "country_id": 426
    },
    {
        "business_name": "Lana Salon(PH)",
        "country_id": 426
    },
    {
        "business_name": "Empire Aesthetics(PH)",
        "country_id": 426
    },
    {
        "business_name": "Gem's Beauty Clinic(PH)",
        "country_id": 426
    },
    {
        "business_name": "Peaches Nails and Wellness Lounge(PH)",
        "country_id": 426
    },
    {
        "business_name": "Pinkwork Advanced Aesthetics(PH)",
        "country_id": 426
    },
    {
        "business_name": "LadyLash Brows & Skin Studio(PH)",
        "country_id": 426
    },
    {
        "business_name": "Polish Nail Studio(PH)",
        "country_id": 426
    },
    {
        "business_name": "Kensho Beauty Bar(PH)",
        "country_id": 426
    },
    {
        "business_name": "ilak Beauty Salon(PH)",
        "country_id": 426
    },
    {
        "business_name": "Nail Luxe(PH)",
        "country_id": 426
    },
    {
        "business_name": "La Julieta Beauty Center - Manila(PH)",
        "country_id": 426
    },
    {
        "business_name": "Ampong Dental(PH)",
        "country_id": 426
    },
    {
        "business_name": "Hera Nail Lounge & Spa(PH)",
        "country_id": 426
    },
    {
        "business_name": "Prince & Quinn Nail Spa(PH)",
        "country_id": 426
    },
    {
        "business_name": "Scenery Spa(PH)",
        "country_id": 426
    },
    {
        "business_name": "Victoria Skin(PH)",
        "country_id": 426
    },
    {
        "business_name": "Renovu Aesthetic and Wellness Clinic Annex(PH)",
        "country_id": 426
    },
    {
        "business_name": "Sarah's Beauty Box(PH)",
        "country_id": 426
    },
    {
        "business_name": "Ken Jee hair Salon(PH)",
        "country_id": 426
    },
    {
        "business_name": "Beauty Inside(PH)",
        "country_id": 426
    },
    {
        "business_name": "Love My Skin Gluta Spa(PH)",
        "country_id": 426
    },
    {
        "business_name": "Massaji Wellness Spa(PH)",
        "country_id": 426
    },
    {
        "business_name": "The Nail Pub(PH)",
        "country_id": 426
    },
    {
        "business_name": "Glam Goddess Beauty Cave(PH)",
        "country_id": 426
    },
    {
        "business_name": "Skin Benefits Dermatology Clinic(PH)",
        "country_id": 426
    },
    {
        "business_name": "Lacquer House(PH)",
        "country_id": 426
    },
    {
        "business_name": "REVIV Philippines(PH)",
        "country_id": 426
    },
    {
        "business_name": "ME Mari Emz Beauty Lounge(PH)",
        "country_id": 426
    },
    {
        "business_name": "Skin+Nutrition(PH)",
        "country_id": 426
    },
    {
        "business_name": "Luminosa Aesthetic and Wellness Center(PH)",
        "country_id": 426
    },
    {
        "business_name": "Miss Nails & Glow(PH)",
        "country_id": 426
    },
    {
        "business_name": "Benibana Hair Atelier(PH)",
        "country_id": 426
    },
    {
        "business_name": "1st Hair Studio(PH)",
        "country_id": 426
    },
    {
        "business_name": "Sestheva by Ej & Lyssa(PH)",
        "country_id": 426
    },
    {
        "business_name": "Nu Wellness Lounge(PH)",
        "country_id": 426
    },
    {
        "business_name": "De Spa Massage Center(PH)",
        "country_id": 426
    },
    {
        "business_name": "The Elixir Aesthetics Center(PH)",
        "country_id": 426
    },
    {
        "business_name": "Prime Beauty Lounge(PH)",
        "country_id": 426
    },
    {
        "business_name": "Beauty Line(PH)",
        "country_id": 426
    },
    {
        "business_name": "Vnails and Lashes(PH)",
        "country_id": 426
    },
    {
        "business_name": "Nail Yard Beauty Spa(PH)",
        "country_id": 426
    },
    {
        "business_name": "Obaya Studio(PH)",
        "country_id": 426
    },
    {
        "business_name": "The Nail & Brow Room(PH)",
        "country_id": 426
    },
    {
        "business_name": "Shaina Cervantes Nail Spa(PH)",
        "country_id": 426
    },
    {
        "business_name": "Le Posh Vanity Lounge(PH)",
        "country_id": 426
    },
    {
        "business_name": "Moderna Medina Beaute Salon & Skin Care Clinic(PH)",
        "country_id": 426
    },
    {
        "business_name": "The Signature Smile by Dr. Joy R. Fraxidio(PH)",
        "country_id": 426
    },
    {
        "business_name": "Wong Dental Clinic(PH)",
        "country_id": 426
    },
    {
        "business_name": "NU You Salon and Spa(PH)",
        "country_id": 426
    },
    {
        "business_name": "The BareGlow Studio by Adarna Grande(PH)",
        "country_id": 426
    },
    {
        "business_name": "Pei Wellness Spa(PH)",
        "country_id": 426
    },
    {
        "business_name": "Admiral Spa(PH)",
        "country_id": 426
    },
    {
        "business_name": "You+(PH)",
        "country_id": 426
    },
    {
        "business_name": "Jess Beauty Salon and Spa(PH)",
        "country_id": 426
    },
    {
        "business_name": "The Glam Room Salon(PH)",
        "country_id": 426
    },
    {
        "business_name": "Tres Musas(PH)",
        "country_id": 426
    },
    {
        "business_name": "Manny & Pie Calayan Clinic(PH)",
        "country_id": 426
    },
    {
        "business_name": "Beauty & Wellness by Amanda.Ph(PH)",
        "country_id": 426
    },
    {
        "business_name": "Say it with the Hue! Nail Spa(PH)",
        "country_id": 426
    },
    {
        "business_name": "One Stop Glam(PH)",
        "country_id": 426
    },
    {
        "business_name": "Glow Girl Eyelash and Nail Salon(PH)",
        "country_id": 426
    },
    {
        "business_name": "mecca beauty lounge(PH)",
        "country_id": 426
    },
    {
        "business_name": "Cozi Nails(PH)",
        "country_id": 426
    },
    {
        "business_name": "Kindred(PH)",
        "country_id": 426
    },
    {
        "business_name": "KAI.D Salon(PH)",
        "country_id": 426
    },
    {
        "business_name": "Yuki Iro Nail Studio(PH)",
        "country_id": 426
    },
    {
        "business_name": "Health and Beaute(PH)",
        "country_id": 426
    },
    {
        "business_name": "Scented Salon and Spa(PH)",
        "country_id": 426
    },
    {
        "business_name": "Kahlia Wellness Spa(PH)",
        "country_id": 426
    },
    {
        "business_name": "Sally's House of Beauty(PH)",
        "country_id": 426
    },
    {
        "business_name": "The Pamper Lounge by Dermcove(PH)",
        "country_id": 426
    },
    {
        "business_name": "Selv Beauty Lounge(PH)",
        "country_id": 426
    },
    {
        "business_name": "TIPS 'N TOES(PH)",
        "country_id": 426
    },
    {
        "business_name": "VU Spa(PH)",
        "country_id": 426
    },
    {
        "business_name": "IBeautified Beauty Lounge(PH)",
        "country_id": 426
    },
    {
        "business_name": "Arlyn Basa Salon(PH)",
        "country_id": 426
    },
    {
        "business_name": "Selah Beauty Studio(PH)",
        "country_id": 426
    },
    {
        "business_name": "The Drip Room Aesthetics(PH)",
        "country_id": 426
    },
    {
        "business_name": "SVS Korean Beauty Salon(PH)",
        "country_id": 426
    },
    {
        "business_name": "The Lounge at Deor(PH)",
        "country_id": 426
    },
    {
        "business_name": "Deor Dermatology Clinic(PH)",
        "country_id": 426
    },
    {
        "business_name": "Victorian Beauty Lounge(PH)",
        "country_id": 426
    },
    {
        "business_name": "Beyond Dream Aesthetic Center(PH)",
        "country_id": 426
    },
    {
        "business_name": "Bhava Lounge and Nail Spa(PH)",
        "country_id": 426
    },
    {
        "business_name": "Glam U Salon(PH)",
        "country_id": 426
    },
    {
        "business_name": "Bliss de Beau'te(PH)",
        "country_id": 426
    },
    {
        "business_name": "Sundar Salon & Spa(PH)",
        "country_id": 426
    },
    {
        "business_name": "Santos Dental Station(PH)",
        "country_id": 426
    },
    {
        "business_name": "Katrionn Wellness and Beauty Center(PH)",
        "country_id": 426
    },
    {
        "business_name": "Cosmo World Salon & Spa(PH)",
        "country_id": 426
    },
    {
        "business_name": "Breeze Oriental Spa & Massage(PH)",
        "country_id": 426
    },
    {
        "business_name": "ASHIA Dental Clinic(PH)",
        "country_id": 426
    },
    {
        "business_name": "Le Mobile Spa(PH)",
        "country_id": 426
    },
    {
        "business_name": "Versions Lifestyle Center(PH)",
        "country_id": 426
    },
    {
        "business_name": "Hayan K-Beauty(PH)",
        "country_id": 426
    },
    {
        "business_name": "Haven Salon & Wellness Spa(PH)",
        "country_id": 426
    },
    {
        "business_name": "Le Papillon Aesthetic Center(PH)",
        "country_id": 426
    },
    {
        "business_name": "Zappp Laser Skin Care(PH)",
        "country_id": 426
    },
    {
        "business_name": "Breaktime Nook Beauty Lounge(PH)",
        "country_id": 426
    },
    {
        "business_name": "Dear Grace Beauty & Wellness Center(PH)",
        "country_id": 426
    },
    {
        "business_name": "Museo Barbershop Nail Gallery & Spa(PH)",
        "country_id": 426
    },
    {
        "business_name": "Felizz Nail & Lashes Salon(PH)",
        "country_id": 426
    },
    {
        "business_name": "Sports Barbers(PH)",
        "country_id": 426
    },
    {
        "business_name": "Museo Barbershop(PH)",
        "country_id": 426
    },
    {
        "business_name": "Nailandia Nail Studio and Body Spa- Avida Towers Centera(PH)",
        "country_id": 426
    },
    {
        "business_name": "Arcane Beauty Lounge(PH)",
        "country_id": 426
    },
    {
        "business_name": "YourSkin Aesthetic Medical Group(PH)",
        "country_id": 426
    },
    {
        "business_name": "Liv Medical Aesthetics and Wellness Center(PH)",
        "country_id": 426
    },
    {
        "business_name": "NIKKI Redefine Beauty(PH)",
        "country_id": 426
    },
    {
        "business_name": "QUAD Clinic(PH)",
        "country_id": 426
    },
    {
        "business_name": "Peachy Beauty Lounge(PH)",
        "country_id": 426
    },
    {
        "business_name": "MassageDaily.Ph(PH)",
        "country_id": 426
    },
    {
        "business_name": "Tyche Nail Salon(PH)",
        "country_id": 426
    },
    {
        "business_name": "Pearl Aesthetics(PH)",
        "country_id": 426
    },
    {
        "business_name": "Dear Nails Studio(PH)",
        "country_id": 426
    },
    {
        "business_name": "Le Posh Nail House(PH)",
        "country_id": 426
    },
    {
        "business_name": "Vielli's Beauty Lounge(PH)",
        "country_id": 426
    },
    {
        "business_name": "Candie Lash(PH)",
        "country_id": 426
    },
    {
        "business_name": "Kenti Creation Salon(PH)",
        "country_id": 426
    },
    {
        "business_name": "Asset MD(PH)",
        "country_id": 426
    },
    {
        "business_name": "Luxescape Lashes & Nail Lounge(PH)",
        "country_id": 426
    },
    {
        "business_name": "Skinergy Esthetique(PH)",
        "country_id": 426
    },
    {
        "business_name": "Babe Beauty Manila(PH)",
        "country_id": 426
    },
    {
        "business_name": "RVB Medical Group(PH)",
        "country_id": 426
    },
    {
        "business_name": "Spa Lueur(PH)",
        "country_id": 426
    },
    {
        "business_name": "Amoré Lumina Aesthetics(PH)",
        "country_id": 426
    },
    {
        "business_name": "MD Aesthetique(PH)",
        "country_id": 426
    },
    {
        "business_name": "Derm HQ(PH)",
        "country_id": 426
    },
    {
        "business_name": "Beautique MD(PH)",
        "country_id": 426
    },
    {
        "business_name": "Asia's Lashes(PH)",
        "country_id": 426
    },
    {
        "business_name": "Marga X Rita Beauty Lounge(PH)",
        "country_id": 426
    },
    {
        "business_name": "Skinstitute(PH)",
        "country_id": 426
    },
    {
        "business_name": "Mediglow Aesthetic Clinic(PH)",
        "country_id": 426
    },
    {
        "business_name": "Claire Beauty Lounge(PH)",
        "country_id": 426
    },
    {
        "business_name": "The Refined(PH)",
        "country_id": 426
    },
    {
        "business_name": "Piu o Meno +/- Clinic(PH)",
        "country_id": 426
    },
    {
        "business_name": "E.B. Davantes Aesthetic Medical Hub(PH)",
        "country_id": 426
    },
    {
        "business_name": "All About Hue(PH)",
        "country_id": 426
    },
    {
        "business_name": "Ysera Aesthetics Center(PH)",
        "country_id": 426
    },
    {
        "business_name": "Dear Self Salon(PH)",
        "country_id": 426
    },
    {
        "business_name": "Beyond Indulgence(PH)",
        "country_id": 426
    },
    {
        "business_name": "The Glam Avenue(PH)",
        "country_id": 426
    },
    {
        "business_name": "Radiance Glam Beauty Lounge(PH)",
        "country_id": 426
    },
    {
        "business_name": "Dr. Lee Aesthetics(PH)",
        "country_id": 426
    },
    {
        "business_name": "Aramesh Aesthetics(PH)",
        "country_id": 426
    },
    {
        "business_name": "Day 1 Studio(PH)",
        "country_id": 426
    },
    {
        "business_name": "Drip N' Glow(PH)",
        "country_id": 426
    },
    {
        "business_name": "iAMELLE Beauty Lounge(PH)",
        "country_id": 426
    },
    {
        "business_name": "Allajane Salon(PH)",
        "country_id": 426
    },
    {
        "business_name": "Essence Derm Aesthetic Center(PH)",
        "country_id": 426
    },
    {
        "business_name": "Emerald Spa(PH)",
        "country_id": 426
    },
    {
        "business_name": "Goddess Nails & Beauty Lounge(PH)",
        "country_id": 426
    },
    {
        "business_name": "Madam's Massage and Spa(PH)",
        "country_id": 426
    },
    {
        "business_name": "Flo Dental Studio(PH)",
        "country_id": 426
    },
    {
        "business_name": "Maeve Aesthetics Clinic(PH)",
        "country_id": 426
    },
    {
        "business_name": "Hands of Senses Spa & Beauty Lounge(PH)",
        "country_id": 426
    },
    {
        "business_name": "Luho Lounge(PH)",
        "country_id": 426
    },
    {
        "business_name": "Beaute Lounge(PH)",
        "country_id": 426
    },
    {
        "business_name": "Beaute ME(PH)",
        "country_id": 426
    },
    {
        "business_name": "Mantra Home Service Massage(PH)",
        "country_id": 426
    },
    {
        "business_name": "Whispering Willow(PH)",
        "country_id": 426
    },
    {
        "business_name": "Nail Amour(PH)",
        "country_id": 426
    },
    {
        "business_name": "Nail Up(PH)",
        "country_id": 426
    },
    {
        "business_name": "Bish Nails(PH)",
        "country_id": 426
    },
    {
        "business_name": "D.R Beauty & Wellness Lounge(PH)",
        "country_id": 426
    },
    {
        "business_name": "Sunkissed Beauty Lounge(PH)",
        "country_id": 426
    },
    {
        "business_name": "The Makeover Lounge(PH)",
        "country_id": 426
    },
    {
        "business_name": "The Lacquer Nail Bar(PH)",
        "country_id": 426
    },
    {
        "business_name": "Sorelle Skin Care & Spa(PH)",
        "country_id": 426
    },
    {
        "business_name": "Mademoiselle Salon(PH)",
        "country_id": 426
    },
    {
        "business_name": "Glowbar Beauty Lounge(PH)",
        "country_id": 426
    },
    {
        "business_name": "Let's Get Nailed(PH)",
        "country_id": 426
    },
    {
        "business_name": "The Nailspresso(PH)",
        "country_id": 426
    },
    {
        "business_name": "Shine Dream Smile Dental Studio(PH)",
        "country_id": 426
    },
    {
        "business_name": "Polish Nail Lounge(PH)",
        "country_id": 426
    },
    {
        "business_name": "Marie Francis Aesthetic Center(PH)",
        "country_id": 426
    },
    {
        "business_name": "Relaxation Haven(PH)",
        "country_id": 426
    },
    {
        "business_name": "JCI Skin Clinic(PH)",
        "country_id": 426
    },
    {
        "business_name": "Haki Wellness Spa(PH)",
        "country_id": 426
    },
    {
        "business_name": "Golden Glow Traditional Thai Massage and Spa(PH)",
        "country_id": 426
    },
    {
        "business_name": "Drip in Luxe(PH)",
        "country_id": 426
    },
    {
        "business_name": "Sandie & Sky Spa(PH)",
        "country_id": 426
    },
    {
        "business_name": "Euphoria Nail Lounge(PH)",
        "country_id": 426
    },
    {
        "business_name": "Queen Mother Salon(PH)",
        "country_id": 426
    },
    {
        "business_name": "Skinovative Clinic(PH)",
        "country_id": 426
    },
    {
        "business_name": "East Bliss Skin Care Clinic(PH)",
        "country_id": 426
    },
    {
        "business_name": "Lueur Spa(PH)",
        "country_id": 426
    },
    {
        "business_name": "Glow Home Service Spa(PH)",
        "country_id": 426
    },
    {
        "business_name": "Naturale Hub(PH)",
        "country_id": 426
    },
    {
        "business_name": "Fiore Beauty and Wellness(PH)",
        "country_id": 426
    },
    {
        "business_name": "Celeskin Beau Monde(PH)",
        "country_id": 426
    },
    {
        "business_name": "Fresh Skin Aesthetics by CBS(PH)",
        "country_id": 426
    },
    {
        "business_name": "Yalla, Habibi Beauty & Wellness Hub(PH)",
        "country_id": 426
    },
    {
        "business_name": "SkinTrends(PH)",
        "country_id": 426
    },
    {
        "business_name": "KAVE Aesthetics(PH)",
        "country_id": 426
    },
    {
        "business_name": "Relux Wellness Spa(PH)",
        "country_id": 426
    },
    {
        "business_name": "Pamper & Fill Beauty Spa(PH)",
        "country_id": 426
    },
    {
        "business_name": "Arboretum Nail Salon(PH)",
        "country_id": 426
    },
    {
        "business_name": "Slate Medical Group(PH)",
        "country_id": 426
    },
    {
        "business_name": "Kskin Korean Express Facial(PH)",
        "country_id": 426
    },
    {
        "business_name": "Lash In The City - Sta. Mesa(PH)",
        "country_id": 426
    },
    {
        "business_name": "Edj Nails(PH)",
        "country_id": 426
    },
    {
        "business_name": "Amor Beauty Lounge(PH)",
        "country_id": 426
    },
    {
        "business_name": "Nails Trend Studio(PH)",
        "country_id": 426
    },
    {
        "business_name": "Eve Beauty Lounge(PH)",
        "country_id": 426
    },
    {
        "business_name": "SUNNO Skin Solutions(PH)",
        "country_id": 426
    },
    {
        "business_name": "Mary Skin Care Clinic(PH)",
        "country_id": 426
    },
    {
        "business_name": "Khozy Lounge(PH)",
        "country_id": 426
    },
    {
        "business_name": "Miranda Aesthetics(PH)",
        "country_id": 426
    },
    {
        "business_name": "Anew PH(PH)",
        "country_id": 426
    },
    {
        "business_name": "Vasilissa Aesthetic and Wellness Clinic(PH)",
        "country_id": 426
    },
    {
        "business_name": "Whiten Beauty and Wellness(PH)",
        "country_id": 426
    },
    {
        "business_name": "NOOR Beauty Lounge(PH)",
        "country_id": 426
    },
    {
        "business_name": "Kalon Wellness & Aesthetic Center(PH)",
        "country_id": 426
    },
    {
        "business_name": "Cove Spa(PH)",
        "country_id": 426
    },
    {
        "business_name": "WAHM Nails Beauty and Wellness Hub(PH)",
        "country_id": 426
    },
    {
        "business_name": "La Pomme Rose(PH)",
        "country_id": 426
    },
    {
        "business_name": "Luxe Premiere Beauty and Wellness(PH)",
        "country_id": 426
    },
    {
        "business_name": "Lunula(PH)",
        "country_id": 426
    },
    {
        "business_name": "Beauty Bliss(PH)",
        "country_id": 426
    },
    {
        "business_name": "Studio Akit(PH)",
        "country_id": 426
    },
    {
        "business_name": "Just Fine Skin(PH)",
        "country_id": 426
    },
    {
        "business_name": "SkinKosi(PH)",
        "country_id": 426
    },
    {
        "business_name": "B&B Lounge(PH)",
        "country_id": 426
    },
    {
        "business_name": "Inaama Massage and Spa(PH)",
        "country_id": 426
    },
    {
        "business_name": "Nue Hue(PH)",
        "country_id": 426
    },
    {
        "business_name": "Felie Nail Spa(PH)",
        "country_id": 426
    },
    {
        "business_name": "IVolve Aesthetics(PH)",
        "country_id": 426
    },
    {
        "business_name": "Nature Wellness Spa(PH)",
        "country_id": 426
    },
    {
        "business_name": "Art & Beauty Studio(PH)",
        "country_id": 426
    },
    {
        "business_name": "Illumina Dermatology(PH)",
        "country_id": 426
    },
    {
        "business_name": "Kineza Aesthetic and Wellness Center(PH)",
        "country_id": 426
    },
    {
        "business_name": "Naildrip Beauty Lounge(PH)",
        "country_id": 426
    },
    {
        "business_name": "Olsson Beauty(PH)",
        "country_id": 426
    },
    {
        "business_name": "Glow & Go Beauty Lounge(PH)",
        "country_id": 426
    },
    {
        "business_name": "Bloom Bar MNL(PH)",
        "country_id": 426
    },
    {
        "business_name": "Skin & Beauty Castle(PH)",
        "country_id": 426
    },
    {
        "business_name": "Muse Aesthetics(PH)",
        "country_id": 426
    },
    {
        "business_name": "Frauskin Essential(PH)",
        "country_id": 426
    },
    {
        "business_name": "Lavish Lashes Studio(PH)",
        "country_id": 426
    },
    {
        "business_name": "VIP Wellness(PH)",
        "country_id": 426
    },
    {
        "business_name": "MAQ Aesthetic Center(PH)",
        "country_id": 426
    },
    {
        "business_name": "Allure Beauty Clinic(PH)",
        "country_id": 426
    },
    {
        "business_name": "Glam Central by Pat & Keng(PH)",
        "country_id": 426
    },
    {
        "business_name": "Raise Your Nails(PH)",
        "country_id": 426
    },
    {
        "business_name": "The Idol Clinic(PH)",
        "country_id": 426
    },
    {
        "business_name": "Luxe Beauty Lounge(PH)",
        "country_id": 426
    },
    {
        "business_name": "The Hair Suite(PH)",
        "country_id": 426
    },
    {
        "business_name": "Sparkle Beauty Hub(PH)",
        "country_id": 426
    },
    {
        "business_name": "Glowzone Wellness Hub(PH)",
        "country_id": 426
    },
    {
        "business_name": "Room & Butler(PH)",
        "country_id": 426
    },
    {
        "business_name": "Vel Spa(PH)",
        "country_id": 426
    },
    {
        "business_name": "Serenease Aesthetic & Wellness Studio(PH)",
        "country_id": 426
    },
    {
        "business_name": "Oopss Beauty Lounge(PH)",
        "country_id": 426
    },
    {
        "business_name": "Juana Glow Aesthetics(PH)",
        "country_id": 426
    },
    {
        "business_name": "KWINN Beauty Lounge(PH)",
        "country_id": 426
    },
    {
        "business_name": "SUKI Nail Studio(PH)",
        "country_id": 426
    },
    {
        "business_name": "Doctor Nails Wellness and Spa(PH)",
        "country_id": 426
    },
    {
        "business_name": "Kendi Beauty Lounge(PH)",
        "country_id": 426
    },
    {
        "business_name": "Blanc and Noir Aesthetic(PH)",
        "country_id": 426
    },
    {
        "business_name": "GJ'S Beauty Lounge(PH)",
        "country_id": 426
    },
    {
        "business_name": "Recherche Beauty Lounge(PH)",
        "country_id": 426
    },
    {
        "business_name": "Sacred Skin(PH)",
        "country_id": 426
    },
    {
        "business_name": "Cuticles Nail Salon(PH)",
        "country_id": 426
    },
    {
        "business_name": "Alta Nail Bar(PH)",
        "country_id": 426
    },
    {
        "business_name": "The Code of Beauty(PH)",
        "country_id": 426
    },
    {
        "business_name": "Juana Smile Dental Clinic(PH)",
        "country_id": 426
    },
    {
        "business_name": "Bellissi Beauty Lounge(PH)",
        "country_id": 426
    },
    {
        "business_name": "Hydra Skin Clinic(PH)",
        "country_id": 426
    },
    {
        "business_name": "Everyday Eyebrows(PH)",
        "country_id": 426
    },
    {
        "business_name": "iWink Brow Studio(PH)",
        "country_id": 426
    },
    {
        "business_name": "Nuovo Inizio Salon Lounge(PH)",
        "country_id": 426
    },
    {
        "business_name": "Barefaced Hair Studio and Spa(PH)",
        "country_id": 426
    },
    {
        "business_name": "Nisce Skin Medispa(PH)",
        "country_id": 426
    },
    {
        "business_name": "Toni & Guy(PH)",
        "country_id": 426
    },
    {
        "business_name": "Skeen Life(PH)",
        "country_id": 426
    },
    {
        "business_name": "The Elective(PH)",
        "country_id": 426
    },
    {
        "business_name": "The Blowout Beauty Lounge(PH)",
        "country_id": 426
    },
    {
        "business_name": "Skin Avanse Wellness and Aesthetic Center(PH)",
        "country_id": 426
    },
    {
        "business_name": "FMA Wellness and Beauty Center(PH)",
        "country_id": 426
    },
    {
        "business_name": "Mon Ciel Skin Aesthetics(PH)",
        "country_id": 426
    },
    {
        "business_name": "Beauty Madness(PH)",
        "country_id": 426
    },
    {
        "business_name": "Vanda Sanderiana Beauty Lounge(PH)",
        "country_id": 426
    },
    {
        "business_name": "AYA Beauty and Wellness(PH)",
        "country_id": 426
    },
    {
        "business_name": "PROFERO Ageless Aesthetics(PH)",
        "country_id": 426
    },
    {
        "business_name": "Posh Nails(PH)",
        "country_id": 426
    },
    {
        "business_name": "Teng Roma Salon(PH)",
        "country_id": 426
    },
    {
        "business_name": "Skin Zen Facial and Nail Spa(PH)",
        "country_id": 426
    },
    {
        "business_name": "Meinas Scalp Solutions(PH)",
        "country_id": 426
    },
    {
        "business_name": "Juno Hair(PH)",
        "country_id": 426
    },
    {
        "business_name": "Pretty Looks(PH)",
        "country_id": 426
    },
    {
        "business_name": "Mediskin Dermatology Center(PH)",
        "country_id": 426
    },
    {
        "business_name": "The Nail Studio(PH)",
        "country_id": 426
    },
    {
        "business_name": "Dermstead(PH)",
        "country_id": 426
    },
    {
        "business_name": "Studio Suyen(PH)",
        "country_id": 426
    },
    {
        "business_name": "The Studio Spa(PH)",
        "country_id": 426
    },
    {
        "business_name": "Nails Manila(PH)",
        "country_id": 426
    },
    {
        "business_name": "Flaminglow Beauty Lounge(PH)",
        "country_id": 426
    },
    {
        "business_name": "MAGE Beauty Studio(PH)",
        "country_id": 426
    },
    {
        "business_name": "Better Than Bare Aesthetics(PH)",
        "country_id": 426
    },
    {
        "business_name": "Zest Skin Lounge(PH)",
        "country_id": 426
    },
    {
        "business_name": "Bravo Barbers(PH)",
        "country_id": 426
    },
    {
        "business_name": "LA Styling(PH)",
        "country_id": 426
    },
    {
        "business_name": "Luceo Dental Clinic(PH)",
        "country_id": 426
    },
    {
        "business_name": "Mimo Aesthetic Clinic(PH)",
        "country_id": 426
    },
    {
        "business_name": "Kadi Aesthetics & Nail Spa(PH)",
        "country_id": 426
    },
    {
        "business_name": "Habitual Skin(PH)",
        "country_id": 426
    },
    {
        "business_name": "Anaya Aesthetic Studio(PH)",
        "country_id": 426
    },
    {
        "business_name": "Queen's Wellness and Beauty Center(PH)",
        "country_id": 426
    },
    {
        "business_name": "Fleur-de-lis Beauty and Wellness Lounge(PH)",
        "country_id": 426
    },
    {
        "business_name": "La Vima Aesthetic and Wellness Center(PH)",
        "country_id": 426
    },
    {
        "business_name": "Glam Lab Salon(PH)",
        "country_id": 426
    },
    {
        "business_name": "Skin Space Aesthetic Clinic(PH)",
        "country_id": 426
    },
    {
        "business_name": "VIP Nails(PH)",
        "country_id": 426
    },
    {
        "business_name": "Urban Fab(PH)",
        "country_id": 426
    },
    {
        "business_name": "K-Lashes Brows Nails Aesthetic Hair Salon(PH)",
        "country_id": 426
    },
    {
        "business_name": "Dear Sundays(PH)",
        "country_id": 426
    },
    {
        "business_name": "Solice Aesthetic and Wellness Clinic(PH)",
        "country_id": 426
    },
    {
        "business_name": "Twin R Salon & Aesthetic Center(PH)",
        "country_id": 426
    },
    {
        "business_name": "Nail Me On(PH)",
        "country_id": 426
    },
    {
        "business_name": "Wink & Bloom(PH)",
        "country_id": 426
    },
    {
        "business_name": "Beautè Professionel(PH)",
        "country_id": 426
    },
    {
        "business_name": "Micah Salon(PH)",
        "country_id": 426
    },
    {
        "business_name": "Guapa Wellness & Spa(PH)",
        "country_id": 426
    },
    {
        "business_name": "Yu-An Spa(PH)",
        "country_id": 426
    },
    {
        "business_name": "Nail City(PH)",
        "country_id": 426
    },
    {
        "business_name": "LashBrow Studio(PH)",
        "country_id": 426
    },
    {
        "business_name": "Tresses Beauty Studio(PH)",
        "country_id": 426
    },
    {
        "business_name": "The Skin Blvd Aesthetic and Wellness Clinic(PH)",
        "country_id": 426
    },
    {
        "business_name": "Kalm Spa and Aesthetic(PH)",
        "country_id": 426
    },
    {
        "business_name": "Modern Fox Barber & Lounge(PH)",
        "country_id": 426
    },
    {
        "business_name": "Velasco Medical Aesthetics(PH)",
        "country_id": 426
    },
    {
        "business_name": "IconiqueBeauty Studio(PH)",
        "country_id": 426
    },
    {
        "business_name": "Creativa Hair Salon(PH)",
        "country_id": 426
    },
    {
        "business_name": "CARA Aesthetics(PH)",
        "country_id": 426
    },
    {
        "business_name": "Aplasca Aesthetic and Anti-Aging Center(PH)",
        "country_id": 426
    },
    {
        "business_name": "Lash Blvd PH(PH)",
        "country_id": 426
    },
    {
        "business_name": "ApotheCary MedAesthetic Clinic(PH)",
        "country_id": 426
    },
    {
        "business_name": "Chelsea Aesthetics & Spa(PH)",
        "country_id": 426
    },
    {
        "business_name": "Beautyfair Lounge(PH)",
        "country_id": 426
    },
    {
        "business_name": "On Fleek Beauty Studio(PH)",
        "country_id": 426
    },
    {
        "business_name": "mnl.drip(PH)",
        "country_id": 426
    },
    {
        "business_name": "Tía Nail Spa(PH)",
        "country_id": 426
    },
    {
        "business_name": "The Sanya(PH)",
        "country_id": 426
    },
    {
        "business_name": "The Glam Queens(PH)",
        "country_id": 426
    },
    {
        "business_name": "ZASA Beauty Lounge(PH)",
        "country_id": 426
    },
    {
        "business_name": "Pessego Wellness Lounge(PH)",
        "country_id": 426
    },
    {
        "business_name": "Love, Nails Studio(PH)",
        "country_id": 426
    },
    {
        "business_name": "Maxim Salon(PH)",
        "country_id": 426
    },
    {
        "business_name": "Belle Pelle Aesthetic and Wellness Center(PH)",
        "country_id": 426
    },
    {
        "business_name": "Prestige Beauty Hub(PH)",
        "country_id": 426
    },
    {
        "business_name": "Femme & Co.(PH)",
        "country_id": 426
    },
    {
        "business_name": "High Lash Society Mnl.(PH)",
        "country_id": 426
    },
    {
        "business_name": "GLAM Ave(PH)",
        "country_id": 426
    },
    {
        "business_name": "Alourè Body Home Spa(PH)",
        "country_id": 426
    },
    {
        "business_name": "Slay Station Beauty Hub(PH)",
        "country_id": 426
    },
    {
        "business_name": "Lavish Nail Studio(PH)",
        "country_id": 426
    },
    {
        "business_name": "CleanCanvas(PH)",
        "country_id": 426
    },
    {
        "business_name": "The Little Nail Hut(PH)",
        "country_id": 426
    },
    {
        "business_name": "The Margaret Clinic(PH)",
        "country_id": 426
    },
    {
        "business_name": "Skin Adept Clinic and Surgicenter(PH)",
        "country_id": 426
    },
    {
        "business_name": "Touch and Senses Spa and Wellness(PH)",
        "country_id": 426
    },
    {
        "business_name": "Blooming Grace Beauty Studio(PH)",
        "country_id": 426
    },
    {
        "business_name": "The Beauty Corner(PH)",
        "country_id": 426
    },
    {
        "business_name": "Spa on the Go(PH)",
        "country_id": 426
    },
    {
        "business_name": "Meline Medical Aesthetics(PH)",
        "country_id": 426
    },
    {
        "business_name": "Rye Aesthetics & Laser Center(PH)",
        "country_id": 426
    },
    {
        "business_name": "Skin K Aesthetics(PH)",
        "country_id": 426
    },
    {
        "business_name": "Glam Studio(PH)",
        "country_id": 426
    },
    {
        "business_name": "Soleil Wellness Clinic(PH)",
        "country_id": 426
    },
    {
        "business_name": "Michiko Salon(PH)",
        "country_id": 426
    },
    {
        "business_name": "Doctor X Beauty Lounge(PH)",
        "country_id": 426
    },
    {
        "business_name": "Primabella Beauty Lounge(PH)",
        "country_id": 426
    },
    {
        "business_name": "LuxeLounge by Miramara(PH)",
        "country_id": 426
    },
    {
        "business_name": "Sinead Home Massage Service(PH)",
        "country_id": 426
    },
    {
        "business_name": "Healthsthetics(PH)",
        "country_id": 426
    },
    {
        "business_name": "Le Béau(PH)",
        "country_id": 426
    },
    {
        "business_name": "DERM.I.S. — Dermatology International Subspecialists(PH)",
        "country_id": 426
    },
    {
        "business_name": "Revisage Skin Care and Aesthetic Clinic(PH)",
        "country_id": 426
    },
    {
        "business_name": "The Pamper Beauty Studio(PH)",
        "country_id": 426
    },
    {
        "business_name": "Jiva Wellness(PH)",
        "country_id": 426
    },
    {
        "business_name": "Love Marie Aesthetics(PH)",
        "country_id": 426
    },
    {
        "business_name": "Beaut Appetit(PH)",
        "country_id": 426
    },
    {
        "business_name": "Bhava Nail Spa(PH)",
        "country_id": 426
    },
    {
        "business_name": "Lila Aesthetics(PH)",
        "country_id": 426
    },
    {
        "business_name": "Loyal Nails Salon & Spa(PH)",
        "country_id": 426
    },
    {
        "business_name": "Prime Lash Beauty Studio(PH)",
        "country_id": 426
    },
    {
        "business_name": "Her Mia(PH)",
        "country_id": 426
    },
    {
        "business_name": "Le Reve Medical Aesthetics(PH)",
        "country_id": 426
    },
    {
        "business_name": "The Pink Bar(PH)",
        "country_id": 426
    },
    {
        "business_name": "Nailash Studio(PH)",
        "country_id": 426
    },
    {
        "business_name": "Le Charmed Beauty Lounge(PH)",
        "country_id": 426
    },
    {
        "business_name": "Her.Kind Aesthetic & Wellness Studio(PH)",
        "country_id": 426
    },
    {
        "business_name": "Bleautz(PH)",
        "country_id": 426
    },
    {
        "business_name": "Scienskin Dermaesthetics(PH)",
        "country_id": 426
    },
    {
        "business_name": "D&J Hair Salon(PH)",
        "country_id": 426
    },
    {
        "business_name": "SlayQueen(PH)",
        "country_id": 426
    },
    {
        "business_name": "Upperhouse Spa(PH)",
        "country_id": 426
    },
    {
        "business_name": "Byootee Lounge(PH)",
        "country_id": 426
    },
    {
        "business_name": "Awra Aesthetic Clinic(PH)",
        "country_id": 426
    },
    {
        "business_name": "Skin Manila(PH)",
        "country_id": 426
    },
    {
        "business_name": "Prim and Polished(PH)",
        "country_id": 426
    },
    {
        "business_name": "Ms.Cid Beauty Lounge(PH)",
        "country_id": 426
    },
    {
        "business_name": "The SkinLab(PH)",
        "country_id": 426
    },
    {
        "business_name": "B Well Home Massage(PH)",
        "country_id": 426
    },
    {
        "business_name": "Vio Beaute Aesthetic Center(PH)",
        "country_id": 426
    },
    {
        "business_name": "Milas's Beauty Lounge(PH)",
        "country_id": 426
    },
    {
        "business_name": "Nourish Tranquility and Wellness Center(PH)",
        "country_id": 426
    },
    {
        "business_name": "Ayo Beyond Spa(PH)",
        "country_id": 426
    },
    {
        "business_name": "Amore Nail Spa & Aesthetics(PH)",
        "country_id": 426
    },
    {
        "business_name": "Glazed Beauty Lounge(PH)",
        "country_id": 426
    },
    {
        "business_name": "Acuholistic Health and Wellness Center(PH)",
        "country_id": 426
    },
    {
        "business_name": "Fiorella Spa(PH)",
        "country_id": 426
    },
    {
        "business_name": "Casa Bella Wellness Center(PH)",
        "country_id": 426
    },
    {
        "business_name": "Eluvo Health(PH)",
        "country_id": 426
    },
    {
        "business_name": "Vivienne Vanity Lounge(PH)",
        "country_id": 426
    },
    {
        "business_name": "Must Be Posh(PH)",
        "country_id": 426
    },
    {
        "business_name": "Mauve Salon(PH)",
        "country_id": 426
    },
    {
        "business_name": "The Embellir Institute(PH)",
        "country_id": 426
    },
    {
        "business_name": "Numi Wellness(PH)",
        "country_id": 426
    },
    {
        "business_name": "ALC Lifestyle Clinic(PH)",
        "country_id": 426
    },
    {
        "business_name": "Deesse Admiral Spa(PH)",
        "country_id": 426
    },
    {
        "business_name": "Calm Manila(PH)",
        "country_id": 426
    },
    {
        "business_name": "Skalp Head Spa(PH)",
        "country_id": 426
    },
    {
        "business_name": "Bee Choo Origin Philippines(PH)",
        "country_id": 426
    },
    {
        "business_name": "El Medical Group(PH)",
        "country_id": 426
    },
    {
        "business_name": "Hera Face(PH)",
        "country_id": 426
    },
    {
        "business_name": "Willows Spa & Wellness(PH)",
        "country_id": 426
    },
    {
        "business_name": "Élvien Salon(PH)",
        "country_id": 426
    },
    {
        "business_name": "Miyata Medical Aesthetics(PH)",
        "country_id": 426
    },
    {
        "business_name": "Nails By Hannah(PH)",
        "country_id": 426
    },
    {
        "business_name": "AMARA Spa(PH)",
        "country_id": 426
    },
    {
        "business_name": "CLG Aesthetics and Wellness Center(PH)",
        "country_id": 426
    },
    {
        "business_name": "The Breathing Room(PH)",
        "country_id": 426
    },
    {
        "business_name": "Veneer Center(PH)",
        "country_id": 426
    },
    {
        "business_name": "GO Salon(PH)",
        "country_id": 426
    },
    {
        "business_name": "True Beauty International(PH)",
        "country_id": 426
    },
    {
        "business_name": "Vixen Claw Nail Studio(PH)",
        "country_id": 426
    },
    {
        "business_name": "Mira Beauty Clinic(PH)",
        "country_id": 426
    },
    {
        "business_name": "Afterglow Aesthetics & Spa(PH)",
        "country_id": 426
    },
    {
        "business_name": "Noah and Eve Center(PH)",
        "country_id": 426
    },
    {
        "business_name": "Nail Palace Manila(PH)",
        "country_id": 426
    },
    {
        "business_name": "Acami Massage Spa(PH)",
        "country_id": 426
    },
    {
        "business_name": "Lumière(PH)",
        "country_id": 426
    },
    {
        "business_name": "Euphoria Aesthetic and Wellness(PH)",
        "country_id": 426
    },
    {
        "business_name": "SoulSesh Studios(PH)",
        "country_id": 426
    },
    {
        "business_name": "Ethereal Knead(PH)",
        "country_id": 426
    },
    {
        "business_name": "2 Hands Massage and Wellness(PH)",
        "country_id": 426
    },
    {
        "business_name": "Onism Spa- Vietnamese Herbal(PH)",
        "country_id": 426
    },
    {
        "business_name": "Urban Treats Spa & Cafe(PH)",
        "country_id": 426
    },
    {
        "business_name": "Teffy's Suites(PH)",
        "country_id": 426
    },
    {
        "business_name": "Shanti Wellness Sanctuary(PH)",
        "country_id": 426
    },
    {
        "business_name": "Alabang Aesthetic Clinic(PH)",
        "country_id": 426
    },
    {
        "business_name": "Empress Gluta and Facial Service(PH)",
        "country_id": 426
    },
    {
        "business_name": "UrbanCalm Wellness Spa(PH)",
        "country_id": 426
    },
    {
        "business_name": "E Sculptbody Spa(PH)",
        "country_id": 426
    },
    {
        "business_name": "Vitality Massage Spa(PH)",
        "country_id": 426
    },
    {
        "business_name": "Tezaphy Spa(PH)",
        "country_id": 426
    },
    {
        "business_name": "Pahuway Spa(PH)",
        "country_id": 426
    },
    {
        "business_name": "Gacis Dental Clinic(PH)",
        "country_id": 426
    },
    {
        "business_name": "D'vine Beauty Lounge(PH)",
        "country_id": 426
    },
    {
        "business_name": "AVL Dermatology(PH)",
        "country_id": 426
    },
    {
        "business_name": "CE Nail Bar(PH)",
        "country_id": 426
    },
    {
        "business_name": "Dawn's Beauty Lounge(PH)",
        "country_id": 426
    },
    {
        "business_name": "Acacia Urban Spa(PH)",
        "country_id": 426
    },
    {
        "business_name": "SkinVilla Dermatology Clinic(PH)",
        "country_id": 426
    },
    {
        "business_name": "IAVE Beauty & Co.(PH)",
        "country_id": 426
    },
    {
        "business_name": "Nailcouture & Wellness Spa(PH)",
        "country_id": 426
    },
    {
        "business_name": "IREMIA(PH)",
        "country_id": 426
    },
    {
        "business_name": "VIP- Vanity In Progress(PH)",
        "country_id": 426
    },
    {
        "business_name": "CM Mortel Dental Clinic(PH)",
        "country_id": 426
    },
    {
        "business_name": "Dear Pinky Nail Studio(PH)",
        "country_id": 426
    },
    {
        "business_name": "Nailvana Spa & Wellness(PH)",
        "country_id": 426
    },
    {
        "business_name": "Beauticurl Lounge(PH)",
        "country_id": 426
    },
    {
        "business_name": "Yukimi Clinic(PH)",
        "country_id": 426
    },
    {
        "business_name": "YIPI Salon(PH)",
        "country_id": 426
    },
    {
        "business_name": "The Raya Clinic(PH)",
        "country_id": 426
    },
    {
        "business_name": "Enchanté Spa and Wellness(PH)",
        "country_id": 426
    },
    {
        "business_name": "AC Nail Spa(PH)",
        "country_id": 426
    },
    {
        "business_name": "Let's Glow Aesthetics(PH)",
        "country_id": 426
    },
    {
        "business_name": "MAC Beauty Lounge(PH)",
        "country_id": 426
    },
    {
        "business_name": "Bella Talitha Beauty Lounge(PH)",
        "country_id": 426
    },
    {
        "business_name": "K-Skin Wellness(PH)",
        "country_id": 426
    },
    {
        "business_name": "Miracle Beauty(PH)",
        "country_id": 426
    },
    {
        "business_name": "The Beauty Room(PH)",
        "country_id": 426
    },
    {
        "business_name": "Hati Health(PH)",
        "country_id": 426
    },
    {
        "business_name": "Travertine Longevity Clinic(PH)",
        "country_id": 426
    },
    {
        "business_name": "Ethos Skin Aesthetics(PH)",
        "country_id": 426
    },
    {
        "business_name": "AC Beauty Studio(PH)",
        "country_id": 426
    },
    {
        "business_name": "Prestige Wellness(PH)",
        "country_id": 426
    },
    {
        "business_name": "Hidden Beauty Luxe(PH)",
        "country_id": 426
    },
    {
        "business_name": "Sola Villa(PH)",
        "country_id": 426
    },
    {
        "business_name": "Skin Philosophie(PH)",
        "country_id": 426
    },
    {
        "business_name": "K Oppa Beauty Clinic(PH)",
        "country_id": 426
    },
    {
        "business_name": "Skin That Glow(PH)",
        "country_id": 426
    },
    {
        "business_name": "Tranquility Wellness Oasis(PH)",
        "country_id": 426
    },
    {
        "business_name": "Signature Salon(PH)",
        "country_id": 426
    },
    {
        "business_name": "Morena Beauty Studio(PH)",
        "country_id": 426
    },
    {
        "business_name": "Love Your Hair by Louis Phillip Kee(PH)",
        "country_id": 426
    },
    {
        "business_name": "MARK'ed SALON by Mark Rosales(PH)",
        "country_id": 426
    },
    {
        "business_name": "Sundrops Day Spa(PH)",
        "country_id": 426
    },
    {
        "business_name": "Bellisima Aesthetic(PH)",
        "country_id": 426
    },
    {
        "business_name": "K Natural Beauty & Skin Studio(PH)",
        "country_id": 426
    },
    {
        "business_name": "Luxx & Lash by Bellisima(PH)",
        "country_id": 426
    },
    {
        "business_name": "Skin Republic(PH)",
        "country_id": 426
    },
    {
        "business_name": "Living Water Skin Clinic(PH)",
        "country_id": 426
    },
    {
        "business_name": "Glo Bar(PH)",
        "country_id": 426
    },
    {
        "business_name": "South Salon(PH)",
        "country_id": 426
    },
    {
        "business_name": "Naughty Bro Barbershop & Lounge(PH)",
        "country_id": 426
    },
    {
        "business_name": "NIKKI. Aesthetic Clinic(PH)",
        "country_id": 426
    },
    {
        "business_name": "New Lounge(PH)",
        "country_id": 426
    },
    {
        "business_name": "Clairé Beauty(PH)",
        "country_id": 426
    },
    {
        "business_name": "MUD Studio Manila(PH)",
        "country_id": 426
    },
    {
        "business_name": "Couture Studio(PH)",
        "country_id": 426
    },
    {
        "business_name": "BeDazzle Salon(PH)",
        "country_id": 426
    },
    {
        "business_name": "The Nail Therapy Manila(PH)",
        "country_id": 426
    },
    {
        "business_name": "Catherine Gil Clinic(PH)",
        "country_id": 426
    },
    {
        "business_name": "The BLOC by Junie Sierra & Co.(PH)",
        "country_id": 426
    },
    {
        "business_name": "Reviva Skin Lab(PH)",
        "country_id": 426
    },
    {
        "business_name": "Jelly Skin Lab(PH)",
        "country_id": 426
    },
    {
        "business_name": "Aube(SG)",
        "country_id": 444
    },
    {
        "business_name": "Chez Vous(SG)",
        "country_id": 444
    },
    {
        "business_name": "Salon Vim(SG)",
        "country_id": 444
    },
    {
        "business_name": "SV Style House(SG)",
        "country_id": 444
    },
    {
        "business_name": "Mi The Salon(SG)",
        "country_id": 444
    },
    {
        "business_name": "Kim Robinson(SG)",
        "country_id": 444
    },
    {
        "business_name": "Bada Hair Salon(SG)",
        "country_id": 444
    },
    {
        "business_name": "Number 76(SG)",
        "country_id": 444
    },
    {
        "business_name": "Yann Beyrie(SG)",
        "country_id": 444
    },
    {
        "business_name": "De Hair Profile(SG)",
        "country_id": 444
    },
    {
        "business_name": "Be U Hair Design(SG)",
        "country_id": 444
    },
    {
        "business_name": "Aqua Hair Korean Salon(SG)",
        "country_id": 444
    },
    {
        "business_name": "X Zen Hair Salon(SG)",
        "country_id": 444
    },
    {
        "business_name": "CYL(SG)",
        "country_id": 444
    },
    {
        "business_name": "Capello Loft Hair & Beauty Spa(SG)",
        "country_id": 444
    },
    {
        "business_name": "Shunji Matsuo(SG)",
        "country_id": 444
    },
    {
        "business_name": "Refresh Hair & Scalp Wellness Centre(SG)",
        "country_id": 444
    },
    {
        "business_name": "N20 Nail Spa & Eyelash(SG)",
        "country_id": 444
    },
    {
        "business_name": "Originailz Nails Therapy(SG)",
        "country_id": 444
    },
    {
        "business_name": "Something U Love(SG)",
        "country_id": 444
    },
    {
        "business_name": "Specialist Nail & Beauty Spa(SG)",
        "country_id": 444
    },
    {
        "business_name": "MODE Aesthetics(SG)",
        "country_id": 444
    },
    {
        "business_name": "mtm labo(SG)",
        "country_id": 444
    },
    {
        "business_name": "8 Medi-Aesthetics(SG)",
        "country_id": 444
    },
    {
        "business_name": "Jet Concepts(SG)",
        "country_id": 444
    },
    {
        "business_name": "The Body Firm(SG)",
        "country_id": 444
    },
    {
        "business_name": "Haach(SG)",
        "country_id": 444
    },
    {
        "business_name": "Renaza(SG)",
        "country_id": 444
    },
    {
        "business_name": "Botanifique(SG)",
        "country_id": 444
    },
    {
        "business_name": "Ceramique Aesthetics(SG)",
        "country_id": 444
    },
    {
        "business_name": "L'Espace Salon(SG)",
        "country_id": 444
    },
    {
        "business_name": "Indulge Skin & Body Lab(SG)",
        "country_id": 444
    },
    {
        "business_name": "Skin Repair Wellness & Aesthetics(SG)",
        "country_id": 444
    },
    {
        "business_name": "Vasilia(SG)",
        "country_id": 444
    },
    {
        "business_name": "A+ Hair Boutique(SG)",
        "country_id": 444
    },
    {
        "business_name": "Bio Aesthetic Laser Clinic(SG)",
        "country_id": 444
    },
    {
        "business_name": "Bon Aesthetics(SG)",
        "country_id": 444
    },
    {
        "business_name": "De Beaute(SG)",
        "country_id": 444
    },
    {
        "business_name": "Dream Aesthetics & Plastic Surgery(SG)",
        "country_id": 444
    },
    {
        "business_name": "Ever Beauty Solution(SG)",
        "country_id": 444
    },
    {
        "business_name": "Facework Aesthetic Clinic(SG)",
        "country_id": 444
    },
    {
        "business_name": "Facía Ginza(SG)",
        "country_id": 444
    },
    {
        "business_name": "GT Aesthetics(SG)",
        "country_id": 444
    },
    {
        "business_name": "HKCplaza(SG)",
        "country_id": 444
    },
    {
        "business_name": "Healthsprings Aesthetics(SG)",
        "country_id": 444
    },
    {
        "business_name": "ICON Aesthetics(SG)",
        "country_id": 444
    },
    {
        "business_name": "Kosmé Aesthetics(SG)",
        "country_id": 444
    },
    {
        "business_name": "Kuko Beauty(SG)",
        "country_id": 444
    },
    {
        "business_name": "Meitoto(SG)",
        "country_id": 444
    },
    {
        "business_name": "Pisces Wellness(SG)",
        "country_id": 444
    },
    {
        "business_name": "Schone Mama(SG)",
        "country_id": 444
    },
    {
        "business_name": "SOTHYS Premium Salon(SG)",
        "country_id": 444
    },
    {
        "business_name": "Spacio(SG)",
        "country_id": 444
    },
    {
        "business_name": "The Wellness Clinic(SG)",
        "country_id": 444
    },
    {
        "business_name": "La Source Spa(SG)",
        "country_id": 444
    },
    {
        "business_name": "Ingenious Beauty(SG)",
        "country_id": 444
    },
    {
        "business_name": "Calvin Chan Aesthetic & Laser Clinic(SG)",
        "country_id": 444
    },
    {
        "business_name": "Browhaus(SG)",
        "country_id": 444
    },
    {
        "business_name": "Strip(SG)",
        "country_id": 444
    },
    {
        "business_name": "spaesprït(SG)",
        "country_id": 444
    },
    {
        "business_name": "Advance Surgical Group(SG)",
        "country_id": 444
    },
    {
        "business_name": "Aeras by Mizu(SG)",
        "country_id": 444
    },
    {
        "business_name": "Beauty 21(SG)",
        "country_id": 444
    },
    {
        "business_name": "True Shape(SG)",
        "country_id": 444
    },
    {
        "business_name": "Vedure(SG)",
        "country_id": 444
    },
    {
        "business_name": "Privé Clinic(SG)",
        "country_id": 444
    },
    {
        "business_name": "Shugar Prestige(SG)",
        "country_id": 444
    },
    {
        "business_name": "LifeSpa(SG)",
        "country_id": 444
    },
    {
        "business_name": "Adeva Spa(SG)",
        "country_id": 444
    },
    {
        "business_name": "Datsumo Labo(SG)",
        "country_id": 444
    },
    {
        "business_name": "Nature's Spa By Jurlique(SG)",
        "country_id": 444
    },
    {
        "business_name": "Atlas Medispa(SG)",
        "country_id": 444
    },
    {
        "business_name": "DR. LASH(SG)",
        "country_id": 444
    },
    {
        "business_name": "Wax Factor(SG)",
        "country_id": 444
    },
    {
        "business_name": "HighBrow(SG)",
        "country_id": 444
    },
    {
        "business_name": "THANN Singapore(SG)",
        "country_id": 444
    },
    {
        "business_name": "Multiflora TCM Spa(SG)",
        "country_id": 444
    },
    {
        "business_name": "Kenko Wellness Spa(SG)",
        "country_id": 444
    },
    {
        "business_name": "Nuffield Wellness(SG)",
        "country_id": 444
    },
    {
        "business_name": "Regina Hair Removal Specialist(SG)",
        "country_id": 444
    },
    {
        "business_name": "Dr Cindy’s Medical Aesthetics(SG)",
        "country_id": 444
    },
    {
        "business_name": "Wellaholic(SG)",
        "country_id": 444
    },
    {
        "business_name": "Healing Touch(SG)",
        "country_id": 444
    },
    {
        "business_name": "Beauty Recipe Aesthetics(SG)",
        "country_id": 444
    },
    {
        "business_name": "Eu Yan Sang TCM(SG)",
        "country_id": 444
    },
    {
        "business_name": "Walking On Sunshine(SG)",
        "country_id": 444
    },
    {
        "business_name": "Full House Salon(SG)",
        "country_id": 444
    },
    {
        "business_name": "Bonbon Blowout Bar+(SG)",
        "country_id": 444
    },
    {
        "business_name": "Salon de Edmund(SG)",
        "country_id": 444
    },
    {
        "business_name": "Art-Noise(SG)",
        "country_id": 444
    },
    {
        "business_name": "Covo(SG)",
        "country_id": 444
    },
    {
        "business_name": "Urban Hair(SG)",
        "country_id": 444
    },
    {
        "business_name": "Facebar N Skin(SG)",
        "country_id": 444
    },
    {
        "business_name": "Color Bar Nail & Beauty(SG)",
        "country_id": 444
    },
    {
        "business_name": "Beleaf Beauty(SG)",
        "country_id": 444
    },
    {
        "business_name": "Ivy Aesthetics(SG)",
        "country_id": 444
    },
    {
        "business_name": "Dr Beauty(SG)",
        "country_id": 444
    },
    {
        "business_name": "Spa Aperial(SG)",
        "country_id": 444
    },
    {
        "business_name": "Hong Zhuang Beauty & Wellness Pte Ltd(SG)",
        "country_id": 444
    },
    {
        "business_name": "Astalift(SG)",
        "country_id": 444
    },
    {
        "business_name": "Ample Life(SG)",
        "country_id": 444
    },
    {
        "business_name": "Forest Salon Bedok(SG)",
        "country_id": 444
    },
    {
        "business_name": "Elements Wellness(SG)",
        "country_id": 444
    },
    {
        "business_name": "Spa Infinity(SG)",
        "country_id": 444
    },
    {
        "business_name": "Exquisite Skinlabs(SG)",
        "country_id": 444
    },
    {
        "business_name": "Bossi Face(SG)",
        "country_id": 444
    },
    {
        "business_name": "Velva Beauty(SG)",
        "country_id": 444
    },
    {
        "business_name": "Glomax Aesthetics(SG)",
        "country_id": 444
    },
    {
        "business_name": "You Are My Sunshine(SG)",
        "country_id": 444
    },
    {
        "business_name": "Ministry of Scalp Therapy(SG)",
        "country_id": 444
    },
    {
        "business_name": "Kolorist(SG)",
        "country_id": 444
    },
    {
        "business_name": "nVisually Academy(SG)",
        "country_id": 444
    },
    {
        "business_name": "Amber Beila(SG)",
        "country_id": 444
    },
    {
        "business_name": "Arch Angel Brow(SG)",
        "country_id": 444
    },
    {
        "business_name": "Avone Beauty Secrets(SG)",
        "country_id": 444
    },
    {
        "business_name": "MEROSKIN(SG)",
        "country_id": 444
    },
    {
        "business_name": "GTC Beauty(SG)",
        "country_id": 444
    },
    {
        "business_name": "Peachy Skin Bar(SG)",
        "country_id": 444
    },
    {
        "business_name": "Mirage Aesthetic(SG)",
        "country_id": 444
    },
    {
        "business_name": "My Beauteous Boutique(SG)",
        "country_id": 444
    },
    {
        "business_name": "My Cozy Room(SG)",
        "country_id": 444
    },
    {
        "business_name": "Coslab(SG)",
        "country_id": 444
    },
    {
        "business_name": "Isabella Aesthetics(SG)",
        "country_id": 444
    },
    {
        "business_name": "Zen Beauty(SG)",
        "country_id": 444
    },
    {
        "business_name": "Studio Flamingo(SG)",
        "country_id": 444
    },
    {
        "business_name": "GC Hairdressing(SG)",
        "country_id": 444
    },
    {
        "business_name": "haarAttic(SG)",
        "country_id": 444
    },
    {
        "business_name": "BioRevive HairGro(SG)",
        "country_id": 444
    },
    {
        "business_name": "Kantik Singapore(SG)",
        "country_id": 444
    },
    {
        "business_name": "TOPP CARE Hair Solutions(SG)",
        "country_id": 444
    },
    {
        "business_name": "SpaJelita(SG)",
        "country_id": 444
    },
    {
        "business_name": "U-HAIR(SG)",
        "country_id": 444
    },
    {
        "business_name": "Cair Salon(SG)",
        "country_id": 444
    },
    {
        "business_name": "Salon Infinity(SG)",
        "country_id": 444
    },
    {
        "business_name": "Chinois Spa(SG)",
        "country_id": 444
    },
    {
        "business_name": "Perky Lash(SG)",
        "country_id": 444
    },
    {
        "business_name": "Perfect Beauty Brow House(SG)",
        "country_id": 444
    },
    {
        "business_name": "MyLash™(SG)",
        "country_id": 444
    },
    {
        "business_name": "EA Nail(SG)",
        "country_id": 444
    },
    {
        "business_name": "Style & Beauty Experts(SG)",
        "country_id": 444
    },
    {
        "business_name": "M.Y. Time works(SG)",
        "country_id": 444
    },
    {
        "business_name": "NeXt(SG)",
        "country_id": 444
    },
    {
        "business_name": "ZINC Korean Hair Salon(SG)",
        "country_id": 444
    },
    {
        "business_name": "The Parlour(SG)",
        "country_id": 444
    },
    {
        "business_name": "Blow+Bar(SG)",
        "country_id": 444
    },
    {
        "business_name": "Kelture Aveda(SG)",
        "country_id": 444
    },
    {
        "business_name": "Michaela(SG)",
        "country_id": 444
    },
    {
        "business_name": "Project Nails(SG)",
        "country_id": 444
    },
    {
        "business_name": "Beethoven Hairxperts(SG)",
        "country_id": 444
    },
    {
        "business_name": "Salon 360(SG)",
        "country_id": 444
    },
    {
        "business_name": "BRANCHÉ Salon(SG)",
        "country_id": 444
    },
    {
        "business_name": "The Big Blow(SG)",
        "country_id": 444
    },
    {
        "business_name": "Trimmings Salon & Spa(SG)",
        "country_id": 444
    },
    {
        "business_name": "Expat Hair Studio(SG)",
        "country_id": 444
    },
    {
        "business_name": "Karva Salon(SG)",
        "country_id": 444
    },
    {
        "business_name": "Picasso Hair Studio(SG)",
        "country_id": 444
    },
    {
        "business_name": "Venetian Professional(SG)",
        "country_id": 444
    },
    {
        "business_name": "Salon5(SG)",
        "country_id": 444
    },
    {
        "business_name": "Atos Wellness(SG)",
        "country_id": 444
    },
    {
        "business_name": "TONI&GUY(SG)",
        "country_id": 444
    },
    {
        "business_name": "Ravissant Hair Studio(SG)",
        "country_id": 444
    },
    {
        "business_name": "New Hair Design(SG)",
        "country_id": 444
    },
    {
        "business_name": "Luxe XM(SG)",
        "country_id": 444
    },
    {
        "business_name": "m'pir the nail bar(SG)",
        "country_id": 444
    },
    {
        "business_name": "J's Salon(SG)",
        "country_id": 444
    },
    {
        "business_name": "99 Percent Hair Studio(SG)",
        "country_id": 444
    },
    {
        "business_name": "Creative Hairworkz(SG)",
        "country_id": 444
    },
    {
        "business_name": "The Mockingjay Hair Salon(SG)",
        "country_id": 444
    },
    {
        "business_name": "Artistry Hair Studio(SG)",
        "country_id": 444
    },
    {
        "business_name": "Barber 25(SG)",
        "country_id": 444
    },
    {
        "business_name": "Bespoke Hair Studio(SG)",
        "country_id": 444
    },
    {
        "business_name": "Botanics Creation(SG)",
        "country_id": 444
    },
    {
        "business_name": "Corner Hair(SG)",
        "country_id": 444
    },
    {
        "business_name": "Creative Salon(SG)",
        "country_id": 444
    },
    {
        "business_name": "De Arte Hair Studio(SG)",
        "country_id": 444
    },
    {
        "business_name": "Essensuals by TONI&GUY(SG)",
        "country_id": 444
    },
    {
        "business_name": "Euro Sense(SG)",
        "country_id": 444
    },
    {
        "business_name": "Jin Hair Beauty(SG)",
        "country_id": 444
    },
    {
        "business_name": "Musubi Boutique Hair Salon(SG)",
        "country_id": 444
    },
    {
        "business_name": "W Saloon(SG)",
        "country_id": 444
    },
    {
        "business_name": "X'treme Professional Hair Studio(SG)",
        "country_id": 444
    },
    {
        "business_name": "Flow De Salon(SG)",
        "country_id": 444
    },
    {
        "business_name": "Vesure Hair Therapy(SG)",
        "country_id": 444
    },
    {
        "business_name": "Color Bar Hair Salon(SG)",
        "country_id": 444
    },
    {
        "business_name": "HairTalk Beauty Studio(SG)",
        "country_id": 444
    },
    {
        "business_name": "Inner Harmony(SG)",
        "country_id": 444
    },
    {
        "business_name": "Haru Skinn(SG)",
        "country_id": 444
    },
    {
        "business_name": "Lash Inc(SG)",
        "country_id": 444
    },
    {
        "business_name": "Legend Hair Studio(SG)",
        "country_id": 444
    },
    {
        "business_name": "Salon Nu(SG)",
        "country_id": 444
    },
    {
        "business_name": "Aykiz Spa(SG)",
        "country_id": 444
    },
    {
        "business_name": "Lalaland 6th Ave(SG)",
        "country_id": 444
    },
    {
        "business_name": "Siam Salon(SG)",
        "country_id": 444
    },
    {
        "business_name": "La Vida(SG)",
        "country_id": 444
    },
    {
        "business_name": "COULISSE HEIR(SG)",
        "country_id": 444
    },
    {
        "business_name": "Glit AF(SG)",
        "country_id": 444
    },
    {
        "business_name": "Gentle Cactus(SG)",
        "country_id": 444
    },
    {
        "business_name": "Spiq Hair Base(SG)",
        "country_id": 444
    },
    {
        "business_name": "ToliV Boutique Salon(SG)",
        "country_id": 444
    },
    {
        "business_name": "Emerald Allure(SG)",
        "country_id": 444
    },
    {
        "business_name": "Brow Sugar(SG)",
        "country_id": 444
    },
    {
        "business_name": "Zig Salon(SG)",
        "country_id": 444
    },
    {
        "business_name": "Blonde and Pastel Hair Salon(SG)",
        "country_id": 444
    },
    {
        "business_name": "Team Salon(SG)",
        "country_id": 444
    },
    {
        "business_name": "DRx(SG)",
        "country_id": 444
    },
    {
        "business_name": "Reflections Aesthetic Clinic(SG)",
        "country_id": 444
    },
    {
        "business_name": "Kreative Beau Lab(SG)",
        "country_id": 444
    },
    {
        "business_name": "Skin Recovery Loft(SG)",
        "country_id": 444
    },
    {
        "business_name": "Talia Hair and Beauty Salon(SG)",
        "country_id": 444
    },
    {
        "business_name": "Project Hair(SG)",
        "country_id": 444
    },
    {
        "business_name": "Lucky Lash & Brow(SG)",
        "country_id": 444
    },
    {
        "business_name": "KO BROWS(SG)",
        "country_id": 444
    },
    {
        "business_name": "Nail Bar(SG)",
        "country_id": 444
    },
    {
        "business_name": "Vitality Massage Spa(SG)",
        "country_id": 444
    },
    {
        "business_name": "The Cosy Cove Nail Lounge(PH)",
        "country_id": 426
    },
    {
        "business_name": "Imahe Artistika Salon Studio(PH)",
        "country_id": 426
    },
    {
        "business_name": "Stelton Dermascience(PH)",
        "country_id": 426
    },
    {
        "business_name": "MYAH Beauty and Wellness Hub(PH)",
        "country_id": 426
    },
    {
        "business_name": "Dr. B Dental Clinic(PH)",
        "country_id": 426
    },
    {
        "business_name": "Luminesque Beauty Studio(PH)",
        "country_id": 426
    },
    {
        "business_name": "[Lovable] Lucky 8 Salon(JP)",
        "country_id": 365
    },
    {
        "business_name": "Carol Salon(SG)",
        "country_id": 444
    },
    {
        "business_name": "Test POS Parlon QG0Pb(PH)",
        "country_id": 426
    },
    {
        "business_name": "Test POS Parlon QcvAI(PH)",
        "country_id": 426
    },
    {
        "business_name": "Test POS Parlon ISSKG(PH)",
        "country_id": 426
    },
    {
        "business_name": "Test POS Parlon rhgcm(PH)",
        "country_id": 426
    }
]